Dataset,Algorithm,CV_fold,HP_vals,Accuracy,TPR,FPR,Precision,AUC,PR-Curve,Training_time,Inference_time
abalon,Catboost,0,"{'learning_rate': 0.08855551978887784, 'max_depth': 7, 'n_estimators': 75}",0.6770334928229665,0.6162405910168675,0.13376672020732386,0.6758071724050653,0.8431446655518515,0.8373475767773103,1.5038260000000037,0.010506220095672387
abalon,Catboost,1,"{'learning_rate': 0.052276661348666285, 'max_depth': 7, 'n_estimators': 150}",0.6339712918660287,0.5970745304078637,0.14959608292941626,0.6301606557765572,0.8246986939208235,0.8088275537967088,4.564488400000017,0.005689234449730074
abalon,Catboost,2,"{'learning_rate': 0.10329203987128538, 'max_depth': 7, 'n_estimators': 75}",0.6028708133971292,0.5596138429471763,0.16599542432875766,0.6023704002148805,0.8013184812902713,0.7931675811002877,3.2109727000000703,0.0076806220093521265
abalon,Catboost,3,"{'learning_rate': 0.0711033230434345, 'max_depth': 8, 'n_estimators': 225}",0.6196172248803827,0.5938188608776844,0.15567351384998446,0.6044921672372653,0.8372698328702773,0.8322995242136239,2.2550412000000506,0.006374162679324935
abalon,Catboost,4,"{'learning_rate': 0.278154534595799, 'max_depth': 5, 'n_estimators': 75}",0.6507177033492823,0.5803148988981941,0.13825931133370264,0.6456511398012502,0.8319741028903405,0.8239731440424561,1.2019216999999571,0.006568660287060531
abalon,Catboost,5,"{'learning_rate': 0.10804549799956523, 'max_depth': 6, 'n_estimators': 75}",0.6507177033492823,0.6024380744664278,0.14272255976181822,0.653368320572275,0.8230987432237562,0.8114310965045429,3.3012294000000115,0.007780861244174358
abalon,Catboost,6,"{'learning_rate': 0.26058714377984654, 'max_depth': 6, 'n_estimators': 75}",0.6244019138755981,0.2537593984962406,0.02459273182957393,0.6131457377623022,0.811656059007167,0.8031008958149197,0.7982918000000154,0.006110287081333878
abalon,Catboost,7,"{'learning_rate': 0.07827021191708378, 'max_depth': 8, 'n_estimators': 200}",0.6474820143884892,0.6147769392849723,0.15687712483985894,0.6474202428602793,0.8218581777338739,0.8096190392863051,3.1295245999999683,0.006710791367084539
abalon,Catboost,8,"{'learning_rate': 0.10828634713180538, 'max_depth': 6, 'n_estimators': 100}",0.6187050359712231,0.5708016263571819,0.1717390120167898,0.6016495713410901,0.7952158869999489,0.7611553326468773,3.1238636999999017,0.007078177458483648
abalon,Catboost,9,"{'learning_rate': 0.09920066127707532, 'max_depth': 5, 'n_estimators': 150}",0.6306954436450839,0.32175925925925924,0.028960529872938637,0.6188256510250181,0.8294102862319153,0.8268265787742579,0.8974782999998752,0.0057359712230708425
acute-inflammation,Catboost,0,"{'learning_rate': 0.24747808088988602, 'max_depth': 7, 'n_estimators': 200}",1.0,1.0,0.0,1.0,0.4571428571428572,0.63,0.24701349999986635,0.16347500000316964
acute-inflammation,Catboost,1,"{'learning_rate': 0.4608045209542849, 'max_depth': 5, 'n_estimators': 50}",1.0,1.0,0.0,1.0,0.5925925925925926,0.8567901234567901,0.2690132999998696,0.16386666665842614
acute-inflammation,Catboost,2,"{'learning_rate': 0.05161675327423905, 'max_depth': 5, 'n_estimators': 100}",1.0,1.0,0.0,1.0,0.7142857142857142,0.7687074829931972,0.2584340999999313,0.1518833333307157
acute-inflammation,Catboost,3,"{'learning_rate': 0.059917887555623286, 'max_depth': 7, 'n_estimators': 75}",1.0,1.0,0.0,1.0,0.5833333333333334,0.5541666666666667,0.10316439999996874,0.18088333333328896
acute-inflammation,Catboost,4,"{'learning_rate': 0.251978752285258, 'max_depth': 8, 'n_estimators': 200}",1.0,1.0,0.0,1.0,0.5428571428571428,0.7639249639249639,0.11360119999994822,0.16120000001743998
acute-inflammation,Catboost,5,"{'learning_rate': 0.40135075582726387, 'max_depth': 5, 'n_estimators': 150}",1.0,1.0,0.0,1.0,0.9142857142857144,0.8766666666666667,0.08458549999977549,0.15054166666080468
acute-inflammation,Catboost,6,"{'learning_rate': 0.3837035042145405, 'max_depth': 5, 'n_estimators': 200}",1.0,1.0,0.0,1.0,0.3428571428571428,0.5326839826839826,0.12116809999997713,0.1561833333122801
acute-inflammation,Catboost,7,"{'learning_rate': 0.014139788190339054, 'max_depth': 8, 'n_estimators': 100}",1.0,1.0,0.0,1.0,0.3333333333333333,0.5,0.28197439999985363,0.15643333332112286
acute-inflammation,Catboost,8,"{'learning_rate': 0.01645968746254838, 'max_depth': 8, 'n_estimators': 50}",1.0,1.0,0.0,1.0,0.25925925925925924,0.2216931216931217,0.12205020000010335,0.1345166666624209
acute-inflammation,Catboost,9,"{'learning_rate': 0.3919791319151543, 'max_depth': 5, 'n_estimators': 150}",1.0,1.0,0.0,1.0,0.6,0.6345804988662131,0.2857828000001064,0.13626666664852868
acute-nephritis,Catboost,0,"{'learning_rate': 0.32266692240509137, 'max_depth': 5, 'n_estimators': 150}",1.0,1.0,0.0,1.0,0.1714285714285714,0.4566068851783137,0.13355010000032053,0.22215833333423995
acute-nephritis,Catboost,1,"{'learning_rate': 0.26896984580331695, 'max_depth': 7, 'n_estimators': 100}",1.0,1.0,0.0,1.0,0.5625,0.7205357142857143,0.2854459000000133,0.1499916666413507
acute-nephritis,Catboost,2,"{'learning_rate': 0.35039792084883725, 'max_depth': 5, 'n_estimators': 225}",1.0,1.0,0.0,1.0,0.08571428571428574,0.31796536796536795,0.14062990000002173,0.17751666666754318
acute-nephritis,Catboost,3,"{'learning_rate': 0.4925005196560945, 'max_depth': 6, 'n_estimators': 200}",1.0,1.0,0.0,1.0,0.125,0.2527146464646465,0.3125971000004029,0.18523333335451755
acute-nephritis,Catboost,4,"{'learning_rate': 0.22521218277089913, 'max_depth': 6, 'n_estimators': 225}",1.0,1.0,0.0,1.0,0.375,0.31666666666666665,0.09697239999968588,0.1538916666656102
acute-nephritis,Catboost,5,"{'learning_rate': 0.1605565003054823, 'max_depth': 6, 'n_estimators': 125}",1.0,1.0,0.0,1.0,0.4814814814814815,0.28968253968253965,0.07685650000030364,0.21364999997786072
acute-nephritis,Catboost,6,"{'learning_rate': 0.4925005196560945, 'max_depth': 5, 'n_estimators': 225}",1.0,1.0,0.0,1.0,0.3,0.17142857142857146,0.09210160000020552,0.14238333331680528
acute-nephritis,Catboost,7,"{'learning_rate': 0.256898537902905, 'max_depth': 7, 'n_estimators': 200}",1.0,1.0,0.0,1.0,0.5833333333333333,0.5981842231842232,0.29868100000021514,0.14152500000363946
acute-nephritis,Catboost,8,"{'learning_rate': 0.49675771529285406, 'max_depth': 6, 'n_estimators': 175}",1.0,1.0,0.0,1.0,0.4375,0.3381944444444444,0.280490699999973,0.2371333333333799
acute-nephritis,Catboost,9,"{'learning_rate': 0.35330450786446926, 'max_depth': 6, 'n_estimators': 50}",1.0,1.0,0.0,1.0,0.2285714285714285,0.4771696557410843,0.13956450000023324,0.1568166666553831
analcatdata_asbestos,Catboost,0,"{'learning_rate': 0.3815328267689941, 'max_depth': 6, 'n_estimators': 225}",0.6666666666666666,0.6666666666666666,0.3333333333333333,0.5,0.6944444444444445,0.4777777777777778,0.11496310000000065,0.194022222222164
analcatdata_asbestos,Catboost,1,"{'learning_rate': 0.2845995223456563, 'max_depth': 7, 'n_estimators': 100}",0.7777777777777778,0.8,0.2,0.6666666666666666,0.55,0.55,0.24620720000000063,0.2279111111091778
analcatdata_asbestos,Catboost,2,"{'learning_rate': 0.39823512839076447, 'max_depth': 7, 'n_estimators': 200}",0.8888888888888888,0.8333333333333333,0.16666666666666666,1.0,0.16666666666666666,0.273015873015873,0.29026980000000435,0.2140555555551297
analcatdata_asbestos,Catboost,3,"{'learning_rate': 0.011239754652987429, 'max_depth': 5, 'n_estimators': 50}",0.375,0.41666666666666663,0.5833333333333333,0.2,0.5,0.39285714285714285,0.9543812000000003,0.24677500000080954
analcatdata_asbestos,Catboost,4,"{'learning_rate': 0.09421706508431472, 'max_depth': 7, 'n_estimators': 175}",0.625,0.6333333333333333,0.3666666666666667,0.75,0.2666666666666667,0.5449999999999999,0.3090110999999638,0.22649999999657666
analcatdata_asbestos,Catboost,5,"{'learning_rate': 0.4612810468992961, 'max_depth': 6, 'n_estimators': 50}",0.75,0.8,0.2,0.6,0.5333333333333333,0.6095238095238096,1.0335991000000035,0.21286249999263873
analcatdata_asbestos,Catboost,6,"{'learning_rate': 0.278154534595799, 'max_depth': 5, 'n_estimators': 225}",0.875,0.9,0.1,1.0,0.0,0.46928571428571425,0.1346833999999717,0.25291250000236687
analcatdata_asbestos,Catboost,7,"{'learning_rate': 0.47029117142535803, 'max_depth': 5, 'n_estimators': 150}",0.875,0.9285714285714286,0.07142857142857142,0.5,0.5714285714285714,0.25,1.1735049999999774,0.2411999999907266
analcatdata_asbestos,Catboost,8,"{'learning_rate': 0.2329024974583645, 'max_depth': 5, 'n_estimators': 75}",0.875,0.875,0.125,0.8,0.25,0.44047619047619047,1.4529666999999336,0.24262499999849751
analcatdata_asbestos,Catboost,9,"{'learning_rate': 0.27585767987194915, 'max_depth': 8, 'n_estimators': 200}",0.75,0.8571428571428572,0.14285714285714285,1.0,0.42857142857142855,0.9093537414965986,2.6919835999999577,0.30091249999486536
analcatdata_boxing1,Catboost,0,"{'learning_rate': 0.11353996026632693, 'max_depth': 6, 'n_estimators': 100}",0.9166666666666666,0.95,0.05,1.0,0.5,0.7980122655122655,0.9676812000000155,0.14202500000237706
analcatdata_boxing1,Catboost,1,"{'learning_rate': 0.4913519828419259, 'max_depth': 5, 'n_estimators': 150}",0.5833333333333334,0.5,0.5,0.75,0.8888888888888888,0.9722222222222223,1.3044262999999319,0.21770833332842207
analcatdata_boxing1,Catboost,2,"{'learning_rate': 0.09421706508431472, 'max_depth': 7, 'n_estimators': 175}",0.6666666666666666,0.4444444444444444,0.5555555555555556,0.7272727272727273,0.6666666666666667,0.897530864197531,0.134432199999992,0.16686666666979968
analcatdata_boxing1,Catboost,3,"{'learning_rate': 0.08345786642535885, 'max_depth': 5, 'n_estimators': 175}",0.8333333333333334,0.75,0.25,0.8,0.71875,0.8763257575757576,0.1427017999999407,0.17865833333038003
analcatdata_boxing1,Catboost,4,"{'learning_rate': 0.04938848291783895, 'max_depth': 6, 'n_estimators': 100}",0.8333333333333334,0.75,0.25,0.8,0.8125,0.8755456349206349,1.0113980999999512,0.19241666666403034
analcatdata_boxing1,Catboost,5,"{'learning_rate': 0.45918460277620765, 'max_depth': 5, 'n_estimators': 175}",1.0,1.0,0.0,1.0,0.7407407407407407,0.9253086419753087,0.979407700000138,0.15760833332478796
analcatdata_boxing1,Catboost,6,"{'learning_rate': 0.4947810241423459, 'max_depth': 6, 'n_estimators': 50}",0.5833333333333334,0.5833333333333334,0.4166666666666667,0.5454545454545454,0.7500000000000001,0.7659090909090909,0.15436650000015106,0.16335833333869232
analcatdata_boxing1,Catboost,7,"{'learning_rate': 0.01645968746254838, 'max_depth': 8, 'n_estimators': 50}",0.75,0.75,0.25,0.6666666666666666,0.7222222222222222,0.7794011544011543,0.23559579999982816,0.21976666666508513
analcatdata_boxing1,Catboost,8,"{'learning_rate': 0.35330450786446926, 'max_depth': 6, 'n_estimators': 50}",0.6666666666666666,0.6,0.4,0.6363636363636364,0.8571428571428571,0.8954648526077098,0.13608210000006693,0.14060833334876102
analcatdata_boxing1,Catboost,9,"{'learning_rate': 0.4233428112787363, 'max_depth': 5, 'n_estimators': 200}",0.6666666666666666,0.6666666666666666,0.3333333333333333,0.6,0.5833333333333334,0.6194444444444445,0.3359932000000754,0.18196666667336103
balance-scale,Catboost,0,"{'learning_rate': 0.27019836209828185, 'max_depth': 5, 'n_estimators': 225}",0.9047619047619048,0.36422136422136425,0.0,0.5935550935550936,0.9056046844224183,0.8011056054126403,0.09577699999999822,0.03020158729914184
balance-scale,Catboost,1,"{'learning_rate': 0.278154534595799, 'max_depth': 5, 'n_estimators': 225}",0.9047619047619048,0.3257142857142857,0.0,0.6011781011781011,0.905442574690695,0.7478540639540641,0.09590819999993982,0.03246349206886999
balance-scale,Catboost,2,"{'learning_rate': 0.29002717881518203, 'max_depth': 5, 'n_estimators': 225}",0.8412698412698413,0.2976190476190476,0.0,0.5604838709677419,0.8685581534787884,0.7786407907456218,0.11900939999986804,0.031134920629396913
balance-scale,Catboost,3,"{'learning_rate': 0.4956718035070624, 'max_depth': 5, 'n_estimators': 225}",0.9206349206349206,0.29830917874396135,0.0,0.6091228070175438,0.8729297257627726,0.7415976239715754,0.10911859999987428,0.033082539680941
balance-scale,Catboost,4,"{'learning_rate': 0.42493518459662954, 'max_depth': 5, 'n_estimators': 150}",0.9206349206349206,0.3146853146853147,0.0,0.611904761904762,0.8977305680695511,0.7884603792392131,0.10282370000004448,0.029255555560551344
balance-scale,Catboost,5,"{'learning_rate': 0.4608045209542849, 'max_depth': 5, 'n_estimators': 50}",0.9193548387096774,0.34761904761904755,0.0,0.6315789473684211,0.830129407794439,0.7028454602437265,0.10295320000022912,0.0634145161301046
balance-scale,Catboost,6,"{'learning_rate': 0.28303367400907586, 'max_depth': 5, 'n_estimators': 100}",0.9032258064516129,0.3602150537634408,0.0,0.603641456582633,0.9511160496344901,0.8122020855660085,0.641255099999853,0.18717419354816817
balance-scale,Catboost,7,"{'learning_rate': 0.4920494944428472, 'max_depth': 5, 'n_estimators': 225}",0.8064516129032258,0.20977011494252873,0.0,0.5375,0.8629491008854733,0.730720611093265,0.717039399999976,0.18918870967266435
balance-scale,Catboost,8,"{'learning_rate': 0.4608045209542849, 'max_depth': 5, 'n_estimators': 50}",0.7903225806451613,0.2738095238095238,0.005952380952380952,0.5270833333333333,0.8579598506069095,0.7375672821082379,0.6690270999997665,0.1728322580704351
balance-scale,Catboost,9,"{'learning_rate': 0.47029117142535803, 'max_depth': 5, 'n_estimators': 150}",0.8387096774193549,0.3622222222222222,0.0,0.5602240896358542,0.8197682910182911,0.7522968730096927,0.6281548000006296,0.19933387096487776
bank,Catboost,0,"{'learning_rate': 0.4984151774472226, 'max_depth': 5, 'n_estimators': 225}",0.8984547461368654,0.6642452830188679,0.3357547169811321,0.6129032258064516,0.09278301886792453,0.06512057618035655,5.4202666000001045,0.04057660044255272
bank,Catboost,1,"{'learning_rate': 0.35039792084883725, 'max_depth': 5, 'n_estimators': 225}",0.9004424778761062,0.6091346153846154,0.3908653846153846,0.7058823529411765,0.11995192307692307,0.06482766705210667,4.222276999999849,0.04447455752138535
bank,Catboost,2,"{'learning_rate': 0.41394216401164385, 'max_depth': 5, 'n_estimators': 225}",0.8915929203539823,0.6375961538461539,0.36240384615384613,0.5517241379310345,0.13153846153846152,0.06627193232319327,8.846376899999996,0.039175884956067074
bank,Catboost,3,"{'learning_rate': 0.01645968746254838, 'max_depth': 8, 'n_estimators': 50}",0.8871681415929203,0.6213432835820896,0.37865671641791043,0.4827586206896552,0.1034328358208955,0.062129686901427617,9.969623900000443,0.03747964601804589
bank,Catboost,4,"{'learning_rate': 0.4925005196560945, 'max_depth': 5, 'n_estimators': 225}",0.8982300884955752,0.6074802074802075,0.3925197925197925,0.4782608695652174,0.14507234507234504,0.05733763614380298,5.0263350999994145,0.031675000001948235
bank,Catboost,5,"{'learning_rate': 0.4982358794533171, 'max_depth': 5, 'n_estimators': 225}",0.8738938053097345,0.5885204081632653,0.4114795918367347,0.5714285714285714,0.1288690476190476,0.07555102424650098,1.9372892000010324,0.047484513272412085
bank,Catboost,6,"{'learning_rate': 0.41882067490181113, 'max_depth': 6, 'n_estimators': 225}",0.8938053097345132,0.7075730471079308,0.2924269528920692,0.7073170731707317,0.09683959451401311,0.08064587619586767,1.0537471999996342,0.04219535398143122
bank,Catboost,7,"{'learning_rate': 0.25370375697991643, 'max_depth': 5, 'n_estimators': 200}",0.9026548672566371,0.6773076923076923,0.3226923076923077,0.625,0.14615384615384613,0.06626840466223957,10.8050805999992,0.04130398230168729
bank,Catboost,8,"{'learning_rate': 0.37236223281005326, 'max_depth': 8, 'n_estimators': 225}",0.918141592920354,0.6942064681944742,0.3057935318055258,0.6551724137931034,0.11378239451702721,0.057445897308854056,6.1586555000012595,0.06049756637093301
bank,Catboost,9,"{'learning_rate': 0.4428244859166224, 'max_depth': 7, 'n_estimators': 200}",0.9269911504424779,0.7376847290640394,0.2623152709359606,0.696969696969697,0.08186977939601628,0.056363532331199596,2.660255499999039,0.03553207964622606
baseball,Catboost,0,"{'learning_rate': 0.20611387681422266, 'max_depth': 5, 'n_estimators': 75}",0.8955223880597015,0.5174501424501424,0.21901709401709402,0.5854626403406891,0.9483663721899016,0.7696387822457224,2.3766689999993105,0.11691044776975403
baseball,Catboost,1,"{'learning_rate': 0.47516829909450864, 'max_depth': 5, 'n_estimators': 175}",0.9552238805970149,0.5833333333333334,0.13333333333333333,0.6538461538461539,0.9819188365467436,0.8638006173424341,28.715628899997682,0.19237537314587988
baseball,Catboost,2,"{'learning_rate': 0.08708397441913615, 'max_depth': 8, 'n_estimators': 225}",0.9253731343283582,0.581791945428309,0.17994883903974812,0.8148148148148149,0.9674312507588053,0.8604576429628138,1.6072132000008423,0.15661044777353614
baseball,Catboost,3,"{'learning_rate': 0.09009602708297187, 'max_depth': 7, 'n_estimators': 200}",0.8880597014925373,0.5221288515406163,0.2389355742296919,0.6066666666666666,0.9228394808786229,0.7719601547426617,0.957788800002163,0.021814925357423125
baseball,Catboost,4,"{'learning_rate': 0.4428244859166224, 'max_depth': 7, 'n_estimators': 200}",0.9104477611940298,0.5511204481792716,0.22303921568627452,0.6623112659698025,0.9374660887977239,0.7913380481042278,1.8326856999992742,0.023344029858578065
baseball,Catboost,5,"{'learning_rate': 0.1583572902152075, 'max_depth': 7, 'n_estimators': 200}",0.9552238805970149,0.7476190476190476,0.1261904761904762,0.7592165898617512,0.9757813343890923,0.8142600151316973,0.7915970000030939,0.02081492537182561
baseball,Catboost,6,"{'learning_rate': 0.0711033230434345, 'max_depth': 8, 'n_estimators': 225}",0.9925373134328358,0.8333333333333334,0.08333333333333333,0.9974160206718347,0.9788115530303031,0.9006780681922208,0.4181469000031939,0.019320149245930823
baseball,Catboost,7,"{'learning_rate': 0.1605565003054823, 'max_depth': 6, 'n_estimators': 125}",0.917910447761194,0.5656707127295363,0.16946778711484592,0.6530054644808744,0.9584090608465609,0.7896427658835862,0.27730269999665325,0.026802985086027575
baseball,Catboost,8,"{'learning_rate': 0.03555358642094008, 'max_depth': 6, 'n_estimators': 225}",0.9328358208955224,0.7304131054131053,0.1347934472934473,0.8168044077134987,0.9409414996767937,0.8551019671043688,10.21108550000281,0.1588820895408593
baseball,Catboost,9,"{'learning_rate': 0.16087550489283214, 'max_depth': 8, 'n_estimators': 225}",0.9477611940298507,0.7115975422427034,0.14420122887864822,0.8228346456692913,0.9542088565880754,0.902302679179435,6.106669100001454,0.14666641789571896
blood,Catboost,0,"{'learning_rate': 0.48766181822798166, 'max_depth': 7, 'n_estimators': 225}",0.8266666666666667,0.6215880893300247,0.37841191066997515,0.5,0.26054590570719605,0.12409768072036585,1.107287400001951,0.16231999994488433
blood,Catboost,1,"{'learning_rate': 0.47820170297070963, 'max_depth': 8, 'n_estimators': 200}",0.8,0.6004056795131846,0.39959432048681537,0.6666666666666666,0.25862068965517243,0.16532452079941323,0.5317244000034407,0.14012400002684444
blood,Catboost,2,"{'learning_rate': 0.24784822168388995, 'max_depth': 5, 'n_estimators': 200}",0.8266666666666667,0.7178387650085764,0.28216123499142365,0.9090909090909091,0.14922813036020582,0.184253792370929,2.104845200003183,0.1630960000329651
blood,Catboost,3,"{'learning_rate': 0.49119524430433426, 'max_depth': 8, 'n_estimators': 225}",0.7866666666666666,0.6125760649087221,0.3874239350912779,0.5555555555555556,0.4148073022312373,0.1992597128601605,1.985564599999634,0.16760666670355326
blood,Catboost,4,"{'learning_rate': 0.494939321780482, 'max_depth': 5, 'n_estimators': 100}",0.7866666666666666,0.6626984126984127,0.3373015873015873,0.7272727272727273,0.27336860670194,0.20706604407536935,1.0904582000002847,0.1660173333948478
blood,Catboost,5,"{'learning_rate': 0.38992854562566237, 'max_depth': 8, 'n_estimators': 200}",0.8133333333333334,0.5853174603174602,0.41468253968253965,0.375,0.23809523809523814,0.1096372228659341,0.7631323000023258,0.14654266667397073
blood,Catboost,6,"{'learning_rate': 0.4987002700079183, 'max_depth': 8, 'n_estimators': 200}",0.8,0.6627789046653144,0.3372210953346856,0.5833333333333334,0.4503042596348884,0.23866315595710558,0.523150799999712,0.14238266662384072
blood,Catboost,7,"{'learning_rate': 0.2955412981112214, 'max_depth': 8, 'n_estimators': 200}",0.7466666666666667,0.6151960784313726,0.38480392156862747,0.8571428571428571,0.27736928104575165,0.23333856100981157,1.3068223000009311,0.13632266675510132
blood,Catboost,8,"{'learning_rate': 0.4428244859166224, 'max_depth': 7, 'n_estimators': 200}",0.7567567567567568,0.6433063791554358,0.35669362084456424,0.6153846153846154,0.26100628930817604,0.2001452081856632,1.3346052000051714,0.14810540537960273
blood,Catboost,9,"{'learning_rate': 0.4925005196560945, 'max_depth': 5, 'n_estimators': 225}",0.8378378378378378,0.6535714285714286,0.3464285714285715,0.625,0.24523809523809526,0.1974169796608037,1.8239124999963678,0.16638243244882245
bodyfat,Catboost,0,"{'learning_rate': 0.12890470177255728, 'max_depth': 5, 'n_estimators': 200}",1.0,1.0,0.0,1.0,0.5476190476190476,0.6356974488439979,1.3844970999998623,0.7787923076158711
bodyfat,Catboost,1,"{'learning_rate': 0.40322101382134207, 'max_depth': 7, 'n_estimators': 200}",1.0,1.0,0.0,1.0,0.15151515151515155,0.4206959654266156,1.5138948000021628,0.655400000071565
bodyfat,Catboost,2,"{'learning_rate': 0.42508838377892144, 'max_depth': 5, 'n_estimators': 225}",1.0,1.0,0.0,1.0,0.4285714285714286,0.5036567321690055,3.2646137999981875,0.6921359998523258
bodyfat,Catboost,3,"{'learning_rate': 0.3851407273557799, 'max_depth': 6, 'n_estimators': 100}",1.0,1.0,0.0,1.0,0.5441176470588236,0.3468796828171828,3.158607299999858,0.826171999797225
bodyfat,Catboost,4,"{'learning_rate': 0.13590881041702077, 'max_depth': 5, 'n_estimators': 225}",0.96,0.9642857142857143,0.03571428571428571,1.0,0.18181818181818182,0.42465449663673804,2.331886799998756,0.5957080001826398
bodyfat,Catboost,5,"{'learning_rate': 0.12353739004713195, 'max_depth': 6, 'n_estimators': 200}",1.0,1.0,0.0,1.0,0.5844155844155845,0.6065928891492801,0.7238251000017044,0.6009720001020469
bodyfat,Catboost,6,"{'learning_rate': 0.35039792084883725, 'max_depth': 5, 'n_estimators': 225}",1.0,1.0,0.0,1.0,0.5064102564102564,0.5019543650793651,2.48975700000301,0.5717359998379834
bodyfat,Catboost,7,"{'learning_rate': 0.23648607152698267, 'max_depth': 5, 'n_estimators': 200}",1.0,1.0,0.0,1.0,0.47435897435897434,0.4555929188723811,1.3648408999943058,0.6372079998254776
bodyfat,Catboost,8,"{'learning_rate': 0.35039792084883725, 'max_depth': 5, 'n_estimators': 225}",1.0,1.0,0.0,1.0,0.4444444444444444,0.3559553046807949,3.822368799999822,0.7093800001894124
bodyfat,Catboost,9,"{'learning_rate': 0.35039792084883725, 'max_depth': 5, 'n_estimators': 225}",1.0,1.0,0.0,1.0,0.47435897435897434,0.49173965897650107,1.5967821000012918,0.6204839999554679
breast-cancer-wisc-diag,Catboost,0,"{'learning_rate': 0.2842960834450167, 'max_depth': 8, 'n_estimators': 100}",1.0,1.0,0.0,1.0,0.3746031746031746,0.2196829391335247,4.574788899997657,0.5628421053539536
breast-cancer-wisc-diag,Catboost,1,"{'learning_rate': 0.0711033230434345, 'max_depth': 8, 'n_estimators': 225}",1.0,1.0,0.0,1.0,0.35875,0.3600560794595672,8.928459899994778,0.44483684216270614
breast-cancer-wisc-diag,Catboost,2,"{'learning_rate': 0.41340288657275015, 'max_depth': 6, 'n_estimators': 50}",0.9473684210526315,0.9485111662531017,0.05148883374689826,0.9259259259259259,0.3870967741935484,0.3848076608536433,19.09640010000294,0.43205614035781637
breast-cancer-wisc-diag,Catboost,3,"{'learning_rate': 0.09421706508431472, 'max_depth': 7, 'n_estimators': 175}",0.8947368421052632,0.8421052631578947,0.15789473684210525,1.0,0.27977839335180055,0.24407731353823386,21.861477999998897,0.44626842103306236
breast-cancer-wisc-diag,Catboost,4,"{'learning_rate': 0.29134563817786935, 'max_depth': 7, 'n_estimators': 200}",0.9122807017543859,0.9107142857142857,0.08928571428571429,1.0,0.2832512315270936,0.3725009520042727,14.593110299996624,0.1383842105145991
breast-cancer-wisc-diag,Catboost,5,"{'learning_rate': 0.32360490077127213, 'max_depth': 5, 'n_estimators': 50}",0.9649122807017544,0.9594017094017093,0.04059829059829059,0.9444444444444444,0.36467236467236475,0.2568877043888696,2.3444740999984788,0.706840350942098
breast-cancer-wisc-diag,Catboost,6,"{'learning_rate': 0.020046505500666025, 'max_depth': 6, 'n_estimators': 100}",0.9473684210526315,0.948849104859335,0.05115089514066496,0.9166666666666666,0.5882352941176471,0.4297784418550926,2.281435999997484,0.4732035088461105
breast-cancer-wisc-diag,Catboost,7,"{'learning_rate': 0.4107367096352382, 'max_depth': 7, 'n_estimators': 125}",0.9649122807017544,0.972972972972973,0.02702702702702703,0.9090909090909091,0.35,0.27654095792298405,10.623822000001383,0.3665368421934545
breast-cancer-wisc-diag,Catboost,8,"{'learning_rate': 0.3437091710837498, 'max_depth': 5, 'n_estimators': 50}",1.0,1.0,0.0,1.0,0.2843915343915344,0.2720821202732253,17.475212199999078,0.5790456139437625
breast-cancer-wisc-diag,Catboost,9,"{'learning_rate': 0.19846772368778567, 'max_depth': 7, 'n_estimators': 50}",0.9464285714285714,0.944947209653092,0.05505279034690799,0.8888888888888888,0.31070889894419307,0.22994426298914972,25.69145710000157,0.4509964285586778
breast-cancer-wisc-prog,Catboost,0,"{'learning_rate': 0.012657105531217398, 'max_depth': 8, 'n_estimators': 100}",0.75,0.6309523809523809,0.369047619047619,0.6666666666666666,0.38095238095238093,0.2813608776844071,4.266725200002838,1.4794399998208974
breast-cancer-wisc-prog,Catboost,1,"{'learning_rate': 0.37090844864054534, 'max_depth': 7, 'n_estimators': 150}",0.7,0.5,0.5,0.0,0.2619047619047619,0.3643253353973168,0.481267499999376,0.22732500001438893
breast-cancer-wisc-prog,Catboost,2,"{'learning_rate': 0.4107367096352382, 'max_depth': 7, 'n_estimators': 125}",0.95,0.5,0.5,0.0,0.5789473684210527,0.1111111111111111,1.0590588999984902,0.20268500011297874
breast-cancer-wisc-prog,Catboost,3,"{'learning_rate': 0.46017403561799464, 'max_depth': 6, 'n_estimators': 50}",0.65,0.5625,0.4375,1.0,0.30208333333333337,0.35582399626517275,0.3532112999964738,0.3010500000527827
breast-cancer-wisc-prog,Catboost,4,"{'learning_rate': 0.43372533010152636, 'max_depth': 6, 'n_estimators': 100}",0.8,0.6666666666666667,0.3333333333333333,0.6666666666666666,0.32,0.2149159663865546,0.20134259999758797,0.18974000013258774
breast-cancer-wisc-prog,Catboost,5,"{'learning_rate': 0.23984661273674274, 'max_depth': 6, 'n_estimators': 50}",0.85,0.8125,0.1875,0.6,0.203125,0.1554093567251462,0.17983979999553412,0.23126999985834118
breast-cancer-wisc-prog,Catboost,6,"{'learning_rate': 0.3671478701814334, 'max_depth': 7, 'n_estimators': 100}",0.9,0.5,0.5,0.0,0.2777777777777778,0.10263157894736842,0.39901719999761553,0.18440499989083037
breast-cancer-wisc-prog,Catboost,7,"{'learning_rate': 0.3671478701814334, 'max_depth': 5, 'n_estimators': 50}",0.95,0.75,0.25,1.0,0.4166666666666667,0.175,0.31227389999548905,0.1963349997822661
breast-cancer-wisc-prog,Catboost,8,"{'learning_rate': 0.20912475901832123, 'max_depth': 8, 'n_estimators': 75}",0.7368421052631579,0.6875,0.3125,1.0,0.30681818181818177,0.374079228520018,0.33685419999528676,0.19695789485826695
breast-cancer-wisc-prog,Catboost,9,"{'learning_rate': 0.41798969583433027, 'max_depth': 6, 'n_estimators': 125}",0.7368421052631579,0.5642857142857143,0.4357142857142857,0.5,0.30000000000000004,0.2770760233918128,0.2113817999997991,0.22178421051265965
breast-cancer-wisc,Catboost,0,"{'learning_rate': 0.21231204393275124, 'max_depth': 5, 'n_estimators': 225}",0.9285714285714286,0.9081632653061225,0.09183673469387754,0.9,0.05150631681243925,0.1795699692955003,0.08729540000058478,0.028854285691133037
breast-cancer-wisc,Catboost,1,"{'learning_rate': 0.4334551092548251, 'max_depth': 5, 'n_estimators': 225}",0.9857142857142858,0.9761904761904762,0.023809523809523808,1.0,0.11273080660835763,0.1894851956779728,0.08595190000050934,0.029965714306204712
breast-cancer-wisc,Catboost,2,"{'learning_rate': 0.4036396173331512, 'max_depth': 5, 'n_estimators': 175}",0.9285714285714286,0.921188630490956,0.07881136950904392,0.9230769230769231,0.0318690783807063,0.23457388560315115,0.20332520000374643,0.028070000033559545
breast-cancer-wisc,Catboost,3,"{'learning_rate': 0.32029715013180343, 'max_depth': 5, 'n_estimators': 100}",0.9571428571428572,0.9666666666666667,0.03333333333333333,0.8928571428571429,0.13777777777777778,0.2331051994123439,0.11727679999603424,0.02661999990648058
breast-cancer-wisc,Catboost,4,"{'learning_rate': 0.4987221809492844, 'max_depth': 5, 'n_estimators': 225}",0.9857142857142858,0.9761904761904762,0.023809523809523808,1.0,0.028182701652089436,0.17818283338479318,0.12024530000053346,0.02605857142563244
breast-cancer-wisc,Catboost,5,"{'learning_rate': 0.20283071378618497, 'max_depth': 5, 'n_estimators': 225}",0.9571428571428572,0.9580419580419581,0.04195804195804196,0.9259259259259259,0.07255244755244758,0.23200403242785989,0.0944452000039746,0.031004285743360272
breast-cancer-wisc,Catboost,6,"{'learning_rate': 0.05984737474198472, 'max_depth': 6, 'n_estimators': 200}",0.9428571428571428,0.9461732548359967,0.05382674516400336,0.9032258064516129,0.11017661900756939,0.26874504184642556,0.2036484999989625,0.032801428564458286
breast-cancer-wisc,Catboost,7,"{'learning_rate': 0.21231204393275124, 'max_depth': 5, 'n_estimators': 225}",0.9857142857142858,0.9871794871794872,0.01282051282051282,0.96875,0.05210918114143919,0.27966294871426867,0.09036139999807347,0.030750000067720457
breast-cancer-wisc,Catboost,8,"{'learning_rate': 0.016169948764366334, 'max_depth': 5, 'n_estimators': 225}",0.9857142857142858,0.9905660377358491,0.009433962264150943,0.9444444444444444,0.08657047724750275,0.14837235969136836,0.13688289999845438,0.02803571437003224
breast-cancer-wisc,Catboost,9,"{'learning_rate': 0.49885950030634063, 'max_depth': 5, 'n_estimators': 200}",1.0,1.0,0.0,1.0,0.07088846880907372,0.2054488567799566,0.11459559999639168,0.025086956578678033
breast-cancer,Catboost,0,"{'learning_rate': 0.2813107469480653, 'max_depth': 5, 'n_estimators': 100}",0.8275862068965517,0.46153846153846156,0.5384615384615384,0.0,0.20512820512820515,0.08474730888523993,0.07098499999847263,0.0637379311354317
breast-cancer,Catboost,1,"{'learning_rate': 0.3348641983075533, 'max_depth': 6, 'n_estimators': 225}",0.6896551724137931,0.5973684210526315,0.4026315789473684,0.6,0.38947368421052636,0.3013048101148788,0.08804210000380408,0.07749655171586523
breast-cancer,Catboost,2,"{'learning_rate': 0.38992854562566237, 'max_depth': 8, 'n_estimators': 200}",0.6896551724137931,0.6372549019607843,0.3627450980392157,0.8,0.22549019607843138,0.3161600230744606,0.07891350000136299,0.09364482760027949
breast-cancer,Catboost,3,"{'learning_rate': 0.30946176251648694, 'max_depth': 5, 'n_estimators': 225}",0.6551724137931034,0.6078431372549019,0.39215686274509803,0.6666666666666666,0.18627450980392157,0.29363550686335016,0.07156599999871105,0.06408275883837507
breast-cancer,Catboost,4,"{'learning_rate': 0.4925005196560945, 'max_depth': 5, 'n_estimators': 225}",0.7586206896551724,0.5974025974025974,0.4025974025974026,0.5,0.39610389610389607,0.22157483648166876,0.10812399999849731,0.0890586206565033
breast-cancer,Catboost,5,"{'learning_rate': 0.2739398124752925, 'max_depth': 5, 'n_estimators': 225}",0.7241379310344828,0.586111111111111,0.4138888888888889,0.6666666666666666,0.3722222222222222,0.2941108631929888,0.07157020000158809,0.059758620848477786
breast-cancer,Catboost,6,"{'learning_rate': 0.3819232758379659, 'max_depth': 6, 'n_estimators': 100}",0.7142857142857143,0.5757575757575758,0.4242424242424242,0.3333333333333333,0.7121212121212122,0.4196687370600414,0.06229999999777647,0.07221428573497438
breast-cancer,Catboost,7,"{'learning_rate': 0.40191677671636716, 'max_depth': 7, 'n_estimators': 200}",0.5714285714285714,0.5384615384615384,0.46153846153846156,1.0,0.2871794871794872,0.37013347948392006,0.0894923999949242,0.09064285716574107
breast-cancer,Catboost,8,"{'learning_rate': 0.4816499815398274, 'max_depth': 6, 'n_estimators': 200}",0.75,0.5378787878787878,0.46212121212121215,0.3333333333333333,0.21212121212121213,0.15749784529196292,0.07405270000163,0.06693214267475664
breast-cancer,Catboost,9,"{'learning_rate': 0.30606432938234956, 'max_depth': 5, 'n_estimators': 225}",0.8214285714285714,0.6904761904761905,0.30952380952380953,0.75,0.3129251700680272,0.20904756619042336,0.07615059999807272,0.1047392854941011
car,Catboost,0,"{'learning_rate': 0.3014952238927482, 'max_depth': 8, 'n_estimators': 200}",0.930635838150289,0.2161654135338346,0.0,0.8813191763191763,0.9939753963023911,0.988539603577716,0.13812920000054874,0.012015606953985881
car,Catboost,1,"{'learning_rate': 0.42210354075236134, 'max_depth': 5, 'n_estimators': 150}",0.930635838150289,0.22380952380952382,0.0,0.8911492978566149,0.993356384438242,0.9812189468039958,0.14810830000351416,0.0163826589624672
car,Catboost,2,"{'learning_rate': 0.26892835707267787, 'max_depth': 5, 'n_estimators': 200}",0.8959537572254336,0.20870588235294116,0.0,0.9126016260162602,0.9897228577803237,0.9589386191060579,0.14039760000014212,0.012735838142514359
car,Catboost,3,"{'learning_rate': 0.479582486780549, 'max_depth': 7, 'n_estimators': 175}",0.8901734104046243,0.19724770642201836,0.0,0.6821428571428572,0.9917974020919207,0.9635057384879664,0.14679810000234284,0.015944508701762065
car,Catboost,4,"{'learning_rate': 0.41798969583433027, 'max_depth': 6, 'n_estimators': 125}",0.9248554913294798,0.19966209501093224,0.0,0.9421921921921922,0.9943354771843144,0.9953772637760242,0.13041070000326727,0.01584682076956775
car,Catboost,5,"{'learning_rate': 0.36658561415688923, 'max_depth': 8, 'n_estimators': 200}",0.8959537572254336,0.21806451612903224,0.0,0.6567906976744187,0.9946018264178824,0.9845728855842543,0.124222300000838,0.02729479767546338
car,Catboost,6,"{'learning_rate': 0.18378558266590156, 'max_depth': 5, 'n_estimators': 225}",0.930635838150289,0.18162393162393162,0.0,0.9435688405797101,0.99311341181189,0.9814351037125585,0.1391855999972904,0.016164161829140596
car,Catboost,7,"{'learning_rate': 0.44410287477350335, 'max_depth': 8, 'n_estimators': 225}",0.8901734104046243,0.1993529411764706,0.0,0.6217948717948718,0.9907877143056234,0.9761856593429502,0.13911040000675712,0.016789017367981527
car,Catboost,8,"{'learning_rate': 0.36658561415688923, 'max_depth': 8, 'n_estimators': 200}",0.9476744186046512,0.2106537530266344,0.0,0.9558823529411764,0.9960984342161594,0.9904266754106422,0.14365790000010747,0.016723255781513683
car,Catboost,9,"{'learning_rate': 0.49390005148035493, 'max_depth': 8, 'n_estimators': 75}",0.9651162790697675,0.1884328358208955,0.0,0.9605263157894737,0.9986534823511712,0.9931228367691753,0.13900299999659183,0.014950000001780884
cardiotocography-10clases,Catboost,0,"{'learning_rate': 0.11197966956926093, 'max_depth': 7, 'n_estimators': 225}",0.8215962441314554,0.01701923076923077,0.0,0.6965458531238582,0.9759868622924133,0.9622465761434643,2.146894699995755,0.014448826284062537
cardiotocography-10clases,Catboost,1,"{'learning_rate': 0.11602271464918162, 'max_depth': 5, 'n_estimators': 225}",0.7793427230046949,0.03759652509652509,0.0,0.5852583170254404,0.9775015318862526,0.9641016952570997,2.1950166999959038,0.020280281679449
cardiotocography-10clases,Catboost,2,"{'learning_rate': 0.09421706508431472, 'max_depth': 7, 'n_estimators': 175}",0.7230046948356808,0.042054958183990444,0.0,0.5550476697798127,0.9740888367662845,0.9781163254313434,2.286139900003036,0.013936150218130574
cardiotocography-10clases,Catboost,3,"{'learning_rate': 0.25988724300469945, 'max_depth': 5, 'n_estimators': 225}",0.7652582159624414,0.045454545454545456,0.0008558979147214442,0.5976896179167709,0.9576337327862637,0.9519242981341571,2.250154299996211,0.0171530516293477
cardiotocography-10clases,Catboost,4,"{'learning_rate': 0.2983932504001909, 'max_depth': 5, 'n_estimators': 225}",0.7230046948356808,0.04207459207459207,0.0,0.4512937791613421,0.9751872991451538,0.9734526701168636,2.1884276999990107,0.01409014083959923
cardiotocography-10clases,Catboost,5,"{'learning_rate': 0.20595787351283243, 'max_depth': 5, 'n_estimators': 125}",0.7370892018779343,0.027450980392156862,0.0002645502645502645,0.6544903203757194,0.9701537592107776,0.9591885281169722,2.361194199998863,0.014446009395364234
cardiotocography-10clases,Catboost,6,"{'learning_rate': 0.1974835977800295, 'max_depth': 5, 'n_estimators': 225}",0.7688679245283019,0.019824561403508776,0.00027100271002710027,0.4750066671895835,0.9674671719162589,0.9464284152920609,2.0110590000040247,0.015528773594337936
cardiotocography-10clases,Catboost,7,"{'learning_rate': 0.2677436890063975, 'max_depth': 5, 'n_estimators': 225}",0.7688679245283019,0.017697768762677483,0.0,0.5667829457364342,0.9616221214950201,0.9579102422413305,2.0854321000006166,0.014327358481098616
cardiotocography-10clases,Catboost,8,"{'learning_rate': 0.227325787309708, 'max_depth': 5, 'n_estimators': 225}",0.7358490566037735,0.03007518796992481,0.0,0.6367301739961226,0.9746964293853215,0.9695113441677435,2.1604933999988134,0.018177358487144305
cardiotocography-10clases,Catboost,9,"{'learning_rate': 0.3320876382814334, 'max_depth': 5, 'n_estimators': 175}",0.7405660377358491,0.02853107344632768,0.0,0.564869010794773,0.9706622189282834,0.9655836335375625,2.1685581999990973,0.013512735848670895
cardiotocography-3clases,Catboost,0,"{'learning_rate': 0.49914714562147866, 'max_depth': 7, 'n_estimators': 175}",0.8873239436619719,0.5149903033689215,0.04090601757944557,0.7978471081919357,0.9709498622277017,0.9212154168267706,0.7761568999994779,0.032237558688491826
cardiotocography-3clases,Catboost,1,"{'learning_rate': 0.35039792084883725, 'max_depth': 5, 'n_estimators': 225}",0.92018779342723,0.5189709906951286,0.03333333333333333,0.8590198321891686,0.9709254885126909,0.9286531093400271,0.7399379999988014,0.015214554007119224
cardiotocography-3clases,Catboost,2,"{'learning_rate': 0.11985304705494929, 'max_depth': 8, 'n_estimators': 150}",0.9014084507042254,0.4734217171717172,0.020833333333333332,0.8689562289562289,0.976165698146831,0.950017540380539,0.7560176000042702,0.015842253500770585
cardiotocography-3clases,Catboost,3,"{'learning_rate': 0.36530612818997765, 'max_depth': 5, 'n_estimators': 150}",0.8826291079812206,0.49391534391534386,0.05687830687830688,0.9206056885614897,0.9762102761519764,0.9569951234890155,0.8442347000018344,0.014340375573866226
cardiotocography-3clases,Catboost,4,"{'learning_rate': 0.4348722811497014, 'max_depth': 6, 'n_estimators': 200}",0.8967136150234741,0.47400765184122423,0.034313725490196074,0.8813793103448276,0.9707554797493702,0.9481132157889721,0.7912476999990758,0.016442722979246555
cardiotocography-3clases,Catboost,5,"{'learning_rate': 0.278154534595799, 'max_depth': 5, 'n_estimators': 225}",0.8685446009389671,0.4482290344842939,0.048387096774193554,0.8362923203963666,0.9565712941414203,0.9260290283411323,0.7263253999990411,0.014777464790492726
cardiotocography-3clases,Catboost,6,"{'learning_rate': 0.47029117142535803, 'max_depth': 5, 'n_estimators': 150}",0.8773584905660378,0.6527777777777778,0.10267857142857144,0.8251851851851852,0.972074757109695,0.9305940568396792,0.2947656000033021,0.026099528286239255
cardiotocography-3clases,Catboost,7,"{'learning_rate': 0.24512872210005546, 'max_depth': 8, 'n_estimators': 175}",0.9245283018867925,0.4904467960023515,0.03968253968253968,0.8801406090562717,0.967015392015392,0.9486511115466891,0.7582264000011492,0.02132971699125538
cardiotocography-3clases,Catboost,8,"{'learning_rate': 0.4230632797913515, 'max_depth': 7, 'n_estimators': 175}",0.9056603773584906,0.5166342469790745,0.013333333333333334,0.8302947052947053,0.9748016107637906,0.9406405534287877,0.8035629000005429,0.016640566035727358
cardiotocography-3clases,Catboost,9,"{'learning_rate': 0.19862132485964912, 'max_depth': 8, 'n_estimators': 125}",0.910377358490566,0.4166666666666667,0.052083333333333336,0.9132933533233384,0.9695490562678063,0.9535779742591025,0.8419859999994515,0.014504245281953118
chatfield_4,Catboost,0,"{'learning_rate': 0.01125305875196933, 'max_depth': 5, 'n_estimators': 175}",0.7916666666666666,0.8111111111111111,0.18888888888888888,0.9166666666666666,0.7111111111111111,0.8410758250464132,0.08680910000111908,0.09579166665692658
chatfield_4,Catboost,1,"{'learning_rate': 0.43160650015700025, 'max_depth': 7, 'n_estimators': 125}",0.875,0.8706293706293706,0.12937062937062938,0.8571428571428571,0.42657342657342656,0.5878537194984175,0.9501356000037049,0.1301333334898421
chatfield_4,Catboost,2,"{'learning_rate': 0.14589866390432332, 'max_depth': 8, 'n_estimators': 175}",0.9166666666666666,0.916083916083916,0.08391608391608392,0.9230769230769231,0.7622377622377622,0.859989683519095,0.8897447999988799,0.13401249998423737
chatfield_4,Catboost,3,"{'learning_rate': 0.32360490077127213, 'max_depth': 5, 'n_estimators': 50}",0.7916666666666666,0.7642857142857142,0.2357142857142857,0.7647058823529411,0.5571428571428572,0.7407909966459474,0.5792698999939603,0.10007916686542255
chatfield_4,Catboost,4,"{'learning_rate': 0.01125305875196933, 'max_depth': 5, 'n_estimators': 75}",0.9583333333333334,0.9375,0.0625,0.9411764705882353,0.890625,0.9437503560036455,0.40663209999911487,0.08534583321306854
chatfield_4,Catboost,5,"{'learning_rate': 0.4044737589698068, 'max_depth': 7, 'n_estimators': 125}",0.782608695652174,0.8035714285714286,0.19642857142857142,0.9230769230769231,0.5,0.7665023496226594,0.44095109999761917,0.10300434793031815
chatfield_4,Catboost,6,"{'learning_rate': 0.026123578244319212, 'max_depth': 5, 'n_estimators': 75}",1.0,1.0,0.0,1.0,0.8253968253968254,0.9141536381238897,0.1425600000002305,0.0951695654531131
chatfield_4,Catboost,7,"{'learning_rate': 0.2771473905396786, 'max_depth': 5, 'n_estimators': 75}",0.8695652173913043,0.8615384615384616,0.13846153846153847,0.8571428571428571,0.7153846153846154,0.7964070369047744,0.510408299996925,0.09651739136366497
chatfield_4,Catboost,8,"{'learning_rate': 0.35330450786446926, 'max_depth': 6, 'n_estimators': 50}",0.9565217391304348,0.9615384615384616,0.038461538461538464,1.0,0.7692307692307693,0.8740950799479227,0.5630218000005698,0.08527391290282021
chatfield_4,Catboost,9,"{'learning_rate': 0.014590568040544316, 'max_depth': 6, 'n_estimators': 200}",0.8695652173913043,0.8416666666666667,0.15833333333333333,0.875,0.85,0.906987456987457,0.18577270000241697,0.6242086955867505
chess-krvkp,Catboost,0,"{'learning_rate': 0.18445233460669205, 'max_depth': 8, 'n_estimators': 175}",0.946875,0.9493986390251623,0.05060136097483779,0.9763313609467456,0.4194097167273303,0.4786393036294881,2.9992799000028754,0.09341406248495332
chess-krvkp,Catboost,1,"{'learning_rate': 0.04394987145067124, 'max_depth': 8, 'n_estimators': 75}",0.96875,0.9677381372895325,0.032261862710467444,0.9793103448275862,0.5156010832450253,0.43569519917688315,2.93467740000051,0.15220437499010586
chess-krvkp,Catboost,2,"{'learning_rate': 0.2910399386490313, 'max_depth': 8, 'n_estimators': 75}",0.996875,0.9971590909090908,0.002840909090909091,1.0,0.5432449494949495,0.557969047578196,1.8806545000115875,0.09459875000175089
chess-krvkp,Catboost,3,"{'learning_rate': 0.0798784681225129, 'max_depth': 8, 'n_estimators': 75}",0.99375,0.9937478019616272,0.006252198038372866,0.9938650306748467,0.4531671290688133,0.46895632820001654,6.5130181000131415,0.08227968746723491
chess-krvkp,Catboost,4,"{'learning_rate': 0.26067825236284975, 'max_depth': 7, 'n_estimators': 50}",0.9875,0.9873358348968104,0.012664165103189493,0.9819277108433735,0.5098108192620388,0.48029082720318544,2.965172399999574,0.0829159374916344
chess-krvkp,Catboost,5,"{'learning_rate': 0.3437091710837498, 'max_depth': 5, 'n_estimators': 50}",0.996875,0.9966666666666666,0.0033333333333333335,0.9941520467836257,0.5043921568627451,0.5143262941053848,1.7701688000088325,0.08702218747203005
chess-krvkp,Catboost,6,"{'learning_rate': 0.2151218608610232, 'max_depth': 7, 'n_estimators': 50}",0.987460815047022,0.9874251024913276,0.012574897508672342,0.9880952380952381,0.499684642068748,0.5093462702785899,9.317222800003947,0.1121504702327954
chess-krvkp,Catboost,7,"{'learning_rate': 0.03049303765732289, 'max_depth': 8, 'n_estimators': 100}",0.9435736677115988,0.9429959100204499,0.0570040899795501,0.9239766081871345,0.465392480729904,0.45699164527650127,4.8019975000061095,0.09097523514150721
chess-krvkp,Catboost,8,"{'learning_rate': 0.2963655211824714, 'max_depth': 7, 'n_estimators': 75}",0.9905956112852664,0.9904520040948106,0.009547995905189385,0.9880239520958084,0.4718875502008032,0.5339229484961897,1.921727099994314,0.10299655173826366
chess-krvkp,Catboost,9,"{'learning_rate': 0.22030847765960349, 'max_depth': 8, 'n_estimators': 50}",0.9968652037617555,0.9965986394557823,0.003401360544217687,0.9942196531791907,0.4979433633918684,0.506007124727764,7.09819800000696,0.072151724122126
chscase_vine1,Catboost,0,"{'learning_rate': 0.23517724510346918, 'max_depth': 7, 'n_estimators': 175}",0.8333333333333334,0.8333333333333333,0.16666666666666666,0.75,0.888888888888889,0.9166666666666665,0.5563289000128862,2.1846333329449408
chscase_vine1,Catboost,1,"{'learning_rate': 0.4999739026045198, 'max_depth': 6, 'n_estimators': 75}",1.0,1.0,0.0,1.0,0.19999999999999996,0.2,0.9120542000018759,2.5641000005028523
chscase_vine1,Catboost,2,"{'learning_rate': 0.2898122301785208, 'max_depth': 7, 'n_estimators': 100}",1.0,1.0,0.0,1.0,0.0,0.6791666666666667,0.4647158000007039,2.4593800015281886
chscase_vine1,Catboost,3,"{'learning_rate': 0.36658561415688923, 'max_depth': 8, 'n_estimators': 200}",0.8,0.75,0.25,0.75,0.5,0.7555555555555555,0.5441152999992482,3.016860000207089
chscase_vine1,Catboost,4,"{'learning_rate': 0.41073679420305464, 'max_depth': 6, 'n_estimators': 75}",1.0,1.0,0.0,1.0,0.16666666666666666,0.5333333333333333,2.6244854999968084,3.8249800010817125
chscase_vine1,Catboost,5,"{'learning_rate': 0.14353956916564758, 'max_depth': 5, 'n_estimators': 175}",0.4,0.3333333333333333,0.6666666666666666,0.0,0.6666666666666667,0.75,1.6644307000096887,2.7016000007279217
chscase_vine1,Catboost,6,"{'learning_rate': 0.041282103483221935, 'max_depth': 8, 'n_estimators': 200}",0.4,0.41666666666666663,0.5833333333333333,0.3333333333333333,0.5,0.7,0.5713204000057885,2.374140001484193
chscase_vine1,Catboost,7,"{'learning_rate': 0.49119524430433426, 'max_depth': 6, 'n_estimators': 100}",0.8,0.875,0.125,1.0,0.0,0.6791666666666667,0.5944575000030454,2.6869599998462945
chscase_vine1,Catboost,8,"{'learning_rate': 0.38185632248837964, 'max_depth': 8, 'n_estimators': 200}",0.6,0.375,0.625,0.0,0.5,0.3333333333333333,0.6134986999968532,2.243459998862818
chscase_vine1,Catboost,9,"{'learning_rate': 0.4183595551495887, 'max_depth': 8, 'n_estimators': 200}",0.8,0.875,0.125,0.5,0.5,0.3333333333333333,1.1406477999989875,3.489320000517182
cloud,Catboost,0,"{'learning_rate': 0.4082993464121532, 'max_depth': 7, 'n_estimators': 100}",0.5454545454545454,0.5833333333333334,0.4166666666666667,1.0,0.5333333333333333,0.7251683501683501,0.44522130000405014,1.3866090911588718
cloud,Catboost,1,"{'learning_rate': 0.4107367096352382, 'max_depth': 7, 'n_estimators': 125}",0.7272727272727273,0.4,0.6,0.0,1.0,1.0,3.392712799992296,1.3603818184823138
cloud,Catboost,2,"{'learning_rate': 0.2842960834450167, 'max_depth': 8, 'n_estimators': 100}",0.7272727272727273,0.6785714285714286,0.3214285714285714,0.6666666666666666,0.2857142857142857,0.3623376623376623,1.3498454000073252,1.2335090908560562
cloud,Catboost,3,"{'learning_rate': 0.18544948057778476, 'max_depth': 5, 'n_estimators': 75}",0.6363636363636364,0.5,0.5,0.0,0.5,0.39861111111111114,1.0188081999949645,0.9645272736882113
cloud,Catboost,4,"{'learning_rate': 0.40535869650330664, 'max_depth': 5, 'n_estimators': 75}",0.2727272727272727,0.21428571428571427,0.7857142857142857,0.0,0.39285714285714285,0.39017857142857143,3.2486203000007663,1.507581817515364
cloud,Catboost,5,"{'learning_rate': 0.012407367143171883, 'max_depth': 8, 'n_estimators': 100}",0.6363636363636364,0.3888888888888889,0.6111111111111112,0.0,0.2777777777777778,0.19090909090909092,1.634563600004185,1.2932818181897427
cloud,Catboost,6,"{'learning_rate': 0.43880483026044526, 'max_depth': 6, 'n_estimators': 50}",0.2727272727272727,0.1875,0.8125,0.0,0.75,0.6333333333333333,1.4101229000079911,1.0160545458678496
cloud,Catboost,7,"{'learning_rate': 0.49342295632196886, 'max_depth': 7, 'n_estimators': 200}",0.7272727272727273,0.4,0.6,0.0,0.9,0.5,1.2519792999955826,0.9828363624613055
cloud,Catboost,8,"{'learning_rate': 0.022839662984870876, 'max_depth': 6, 'n_estimators': 100}",0.6,0.42857142857142855,0.5714285714285714,0.0,0.5714285714285714,0.4206349206349206,3.4382051000138745,1.295580000441987
cloud,Catboost,9,"{'learning_rate': 0.02233255611691278, 'max_depth': 8, 'n_estimators': 100}",0.6,0.5,0.5,0.0,0.4166666666666667,0.5583333333333333,0.5401229999988573,1.3826199996401556
congressional-voting,Catboost,0,"{'learning_rate': 0.49836179575374906, 'max_depth': 8, 'n_estimators': 75}",0.5909090909090909,0.5541666666666667,0.4458333333333333,0.75,0.44687499999999997,0.4215684315684316,3.520189799994114,0.3733159091180741
congressional-voting,Catboost,1,"{'learning_rate': 0.23210058788045035, 'max_depth': 7, 'n_estimators': 200}",0.6363636363636364,0.5401785714285714,0.45982142857142855,0.5,0.4140625,0.33297032828282824,4.009939299998223,0.3964545453940942
congressional-voting,Catboost,2,"{'learning_rate': 0.1495481852957154, 'max_depth': 7, 'n_estimators': 50}",0.5909090909090909,0.4804597701149425,0.5195402298850575,0.2857142857142857,0.2896551724137931,0.2888888888888889,2.9324780000024475,0.4154568182870704
congressional-voting,Catboost,3,"{'learning_rate': 0.1856559460609484, 'max_depth': 8, 'n_estimators': 150}",0.6590909090909091,0.53125,0.46875,1.0,0.3091517857142857,0.322730261727751,2.1030697999958647,0.48952954569937324
congressional-voting,Catboost,4,"{'learning_rate': 0.41667679160109494, 'max_depth': 8, 'n_estimators': 225}",0.7045454545454546,0.59375,0.40625,1.0,0.36049107142857145,0.302109251946566,3.126345999990008,0.3944431819863067
congressional-voting,Catboost,5,"{'learning_rate': 0.10782628401879216, 'max_depth': 8, 'n_estimators': 200}",0.6976744186046512,0.5217948717948718,0.4782051282051282,0.5,0.36025641025641025,0.2629954982971671,0.9449390999943716,0.539772093044269
congressional-voting,Catboost,6,"{'learning_rate': 0.4566258911501796, 'max_depth': 7, 'n_estimators': 225}",0.7209302325581395,0.5,0.5,0.0,0.3830645161290323,0.28426771871539314,0.9284198000095785,0.33896279062393536
congressional-voting,Catboost,7,"{'learning_rate': 0.4850763440144249, 'max_depth': 8, 'n_estimators': 200}",0.4186046511627907,0.43,0.5700000000000001,0.36,0.6133333333333334,0.48845232513577197,2.4708154999971157,0.4502511630646971
congressional-voting,Catboost,8,"{'learning_rate': 0.19145699054987264, 'max_depth': 7, 'n_estimators': 125}",0.5348837209302325,0.5,0.5,0.0,0.38586956521739135,0.42876572071339514,1.1831958999973722,0.3812441860899589
congressional-voting,Catboost,9,"{'learning_rate': 0.252962894349072, 'max_depth': 5, 'n_estimators': 50}",0.4418604651162791,0.45129870129870125,0.5487012987012987,0.25,0.35714285714285715,0.46373200442967877,3.486517899989849,0.5062372091383306
conn-bench-sonar-mines-rocks,Catboost,0,"{'learning_rate': 0.35330450786446926, 'max_depth': 6, 'n_estimators': 50}",0.7619047619047619,0.7638888888888888,0.2361111111111111,0.7,0.43518518518518523,0.5024154938628622,12.411072399991099,1.6191904758757336
conn-bench-sonar-mines-rocks,Catboost,1,"{'learning_rate': 0.4859459955292263, 'max_depth': 5, 'n_estimators': 75}",0.5714285714285714,0.5681818181818181,0.4318181818181818,0.5555555555555556,0.49090909090909085,0.5929745744451627,2.6261624000035226,1.8733095237708075
conn-bench-sonar-mines-rocks,Catboost,2,"{'learning_rate': 0.14931596417117682, 'max_depth': 5, 'n_estimators': 150}",0.8095238095238095,0.8090909090909091,0.19090909090909092,0.8181818181818182,0.39999999999999997,0.5281911715735245,3.780987299993285,2.8723761906370613
conn-bench-sonar-mines-rocks,Catboost,3,"{'learning_rate': 0.15254815620813011, 'max_depth': 6, 'n_estimators': 75}",0.8571428571428571,0.875,0.125,1.0,0.4444444444444444,0.5377732160626898,5.003419300002861,1.8373380950097704
conn-bench-sonar-mines-rocks,Catboost,4,"{'learning_rate': 0.46017403561799464, 'max_depth': 6, 'n_estimators': 50}",0.9523809523809523,0.9444444444444444,0.05555555555555555,1.0,0.4444444444444444,0.43536052727229196,7.860618300008355,2.194090476093282
conn-bench-sonar-mines-rocks,Catboost,5,"{'learning_rate': 0.2651571477302221, 'max_depth': 5, 'n_estimators': 100}",0.9047619047619048,0.9166666666666667,0.08333333333333333,0.8181818181818182,0.787037037037037,0.7464726631393299,4.034992399989278,1.6647952385634806
conn-bench-sonar-mines-rocks,Catboost,6,"{'learning_rate': 0.49318916476003893, 'max_depth': 6, 'n_estimators': 50}",0.9047619047619048,0.8990384615384616,0.10096153846153846,0.875,0.6923076923076924,0.7094558310841206,17.80632129999867,3.434523809812076
conn-bench-sonar-mines-rocks,Catboost,7,"{'learning_rate': 0.4019465009861432, 'max_depth': 5, 'n_estimators': 175}",0.6666666666666666,0.7666666666666666,0.23333333333333334,1.0,0.3111111111111111,0.6551714370367621,2.74803050000628,0.38609047589402296
conn-bench-sonar-mines-rocks,Catboost,8,"{'learning_rate': 0.2629693240287527, 'max_depth': 6, 'n_estimators': 50}",0.8,0.8571428571428572,0.14285714285714285,0.6,0.16666666666666669,0.21608187134502926,0.6317901000002166,0.4250799996952992
conn-bench-sonar-mines-rocks,Catboost,9,"{'learning_rate': 0.10861631393773896, 'max_depth': 6, 'n_estimators': 75}",0.8,0.8125,0.1875,0.7,0.5520833333333333,0.45064282123105653,0.3931124000082491,0.41671500002848916
conn-bench-vowel-deterding,Catboost,0,"{'learning_rate': 0.4107367096352382, 'max_depth': 7, 'n_estimators': 125}",0.9292929292929293,0.0,0.0,0.9290043290043289,0.9954852555194397,0.9960524251281826,7.132168100011768,0.029648484831506554
conn-bench-vowel-deterding,Catboost,1,"{'learning_rate': 0.28079361527813784, 'max_depth': 8, 'n_estimators': 100}",0.9090909090909091,0.0,0.0,0.9212121212121211,0.9951913558183466,0.9944973371845028,4.304682699992554,0.025038383701214136
conn-bench-vowel-deterding,Catboost,2,"{'learning_rate': 0.3908594324777578, 'max_depth': 5, 'n_estimators': 225}",0.8787878787878788,0.0,0.0,0.8810966810966812,0.9920396770549478,0.9915315086092257,4.302858099996229,0.02230707064477934
conn-bench-vowel-deterding,Catboost,3,"{'learning_rate': 0.0711033230434345, 'max_depth': 8, 'n_estimators': 225}",0.8585858585858586,0.0,0.0,0.8681818181818183,0.9905988158857331,0.9918612457326648,4.172537400008878,0.20112222233420293
conn-bench-vowel-deterding,Catboost,4,"{'learning_rate': 0.4937964363737586, 'max_depth': 6, 'n_estimators': 200}",0.8282828282828283,0.0,0.0,0.8476813590449953,0.993335587288367,0.9935663842652783,25.918400700000348,0.03068484842184592
conn-bench-vowel-deterding,Catboost,5,"{'learning_rate': 0.2658947423580291, 'max_depth': 8, 'n_estimators': 200}",0.8585858585858586,0.0,0.0,0.886814142795004,0.9885525425794506,0.9892225868713472,4.22081430000253,0.028735353620816962
conn-bench-vowel-deterding,Catboost,6,"{'learning_rate': 0.39152040500796936, 'max_depth': 8, 'n_estimators': 200}",0.8686868686868687,0.0,0.0,0.8805361305361306,0.9903041767023081,0.993344606007486,4.488795099998242,0.022474747513317402
conn-bench-vowel-deterding,Catboost,7,"{'learning_rate': 0.1930661273964011, 'max_depth': 7, 'n_estimators': 200}",0.9090909090909091,0.0,0.0,0.9226551226551227,0.9951405932673292,0.9961079531120851,4.41406619999907,0.022888888847176925
conn-bench-vowel-deterding,Catboost,8,"{'learning_rate': 0.36658561415688923, 'max_depth': 8, 'n_estimators': 200}",0.8686868686868687,0.0,0.0,0.862914862914863,0.9890965861890489,0.9887004961492367,4.359064799995394,0.164844444364949
conn-bench-vowel-deterding,Catboost,9,"{'learning_rate': 0.35039792084883725, 'max_depth': 5, 'n_estimators': 225}",0.898989898989899,0.0,0.0,0.9094988344988345,0.9948236638152916,0.9955340323457207,25.69943890000286,0.1589444444180852
contrac,Catboost,0,"{'learning_rate': 0.23700648462168705, 'max_depth': 5, 'n_estimators': 50}",0.5135135135135135,0.4390476190476191,0.2276190476190476,0.4977827133904668,0.6897164745937706,0.6838484686058032,4.1654797999945,0.09568040538421908
contrac,Catboost,1,"{'learning_rate': 0.04634035814347839, 'max_depth': 5, 'n_estimators': 150}",0.5,0.4515151515151515,0.23535353535353534,0.4745099158044228,0.6596832632071061,0.6462121840135279,4.154484200000297,0.09281756757519434
contrac,Catboost,2,"{'learning_rate': 0.04951663728898268, 'max_depth': 7, 'n_estimators': 75}",0.5540540540540541,0.4981436088505409,0.1937461189005458,0.5358585858585858,0.6882414776004616,0.6582419565181281,4.282811600001878,0.14019054051951152
contrac,Catboost,3,"{'learning_rate': 0.04457194299872261, 'max_depth': 5, 'n_estimators': 175}",0.5034013605442177,0.46182473600220364,0.235707292536804,0.49567821067821066,0.7062083054231608,0.6921232926386865,3.266168200003449,0.11336938778990183
contrac,Catboost,4,"{'learning_rate': 0.021814021550584706, 'max_depth': 5, 'n_estimators': 100}",0.5034013605442177,0.45045632333767927,0.2375235404896422,0.4796351575456053,0.6998712195151388,0.6886149815655874,4.080648799994378,0.11127482995558784
contrac,Catboost,5,"{'learning_rate': 0.03986618758409944, 'max_depth': 6, 'n_estimators': 125}",0.54421768707483,0.4617543859649123,0.22500762776506486,0.5017095040442742,0.7004381992791867,0.6570795550038849,3.6755628999962937,0.1055190475700347
contrac,Catboost,6,"{'learning_rate': 0.04972102762441538, 'max_depth': 5, 'n_estimators': 100}",0.4965986394557823,0.45372724149776705,0.22983265446336557,0.46217278957420516,0.6906101596076302,0.6854351666313647,4.336393499994301,0.12655714283250652
contrac,Catboost,7,"{'learning_rate': 0.23700648462168705, 'max_depth': 5, 'n_estimators': 50}",0.5034013605442177,0.457118366472272,0.2328741332598613,0.5074752370358601,0.6848194852558721,0.7035193307355215,4.5583932000008645,0.13382380949428344
contrac,Catboost,8,"{'learning_rate': 0.014115933564818064, 'max_depth': 5, 'n_estimators': 75}",0.5102040816326531,0.440755885371969,0.23422854931260204,0.4778441127694859,0.6858000603778013,0.6744251071841707,4.493544500001008,0.10205986398766388
contrac,Catboost,9,"{'learning_rate': 0.01125305875196933, 'max_depth': 5, 'n_estimators': 225}",0.4489795918367347,0.4069444444444444,0.2587797619047619,0.40873955793827776,0.6505651104555651,0.6370033669695905,4.4638134999986505,0.0848904761666318
credit-approval,Catboost,0,"{'learning_rate': 0.03276356165168792, 'max_depth': 5, 'n_estimators': 100}",0.8260869565217391,0.8244949494949495,0.1755050505050505,0.8157894736842105,0.664983164983165,0.6894256183445505,5.774639800001751,0.23245217385735578
credit-approval,Catboost,1,"{'learning_rate': 0.01645968746254838, 'max_depth': 8, 'n_estimators': 50}",0.8985507246376812,0.8960101867572157,0.10398981324278438,0.8974358974358975,0.6570458404074703,0.7156514509359209,3.1520168999995803,0.2768014492703251
credit-approval,Catboost,2,"{'learning_rate': 0.01645968746254838, 'max_depth': 8, 'n_estimators': 50}",0.8840579710144928,0.8851010101010102,0.1148989898989899,0.9117647058823529,0.5808080808080808,0.5973958420906312,5.022426600000472,0.2205521739307332
credit-approval,Catboost,3,"{'learning_rate': 0.01645968746254838, 'max_depth': 8, 'n_estimators': 50}",0.7391304347826086,0.7440878378378378,0.25591216216216217,0.6842105263157895,0.6106418918918919,0.6155035884912923,5.992516999991494,0.24782898549017482
credit-approval,Catboost,4,"{'learning_rate': 0.01125305875196933, 'max_depth': 5, 'n_estimators': 150}",0.9565217391304348,0.9569444444444445,0.043055555555555555,0.9772727272727273,0.6833333333333333,0.7529153392416961,0.6037036999914562,0.2533231884666273
credit-approval,Catboost,5,"{'learning_rate': 0.01645968746254838, 'max_depth': 8, 'n_estimators': 50}",0.8840579710144928,0.8858974358974359,0.1141025641025641,0.918918918918919,0.4752136752136752,0.5345492837976721,0.6203416000062134,0.22040724634543818
credit-approval,Catboost,6,"{'learning_rate': 0.01645968746254838, 'max_depth': 8, 'n_estimators': 50}",0.8840579710144928,0.8887945670628183,0.11120543293718166,0.9411764705882353,0.6366723259762309,0.6910364666550259,3.067437100005918,0.2977521737878872
credit-approval,Catboost,7,"{'learning_rate': 0.014115933564818064, 'max_depth': 5, 'n_estimators': 100}",0.8985507246376812,0.89198606271777,0.10801393728222997,0.9047619047619048,0.603658536585366,0.6610037207500851,4.350282100000186,0.23728115943874625
credit-approval,Catboost,8,"{'learning_rate': 0.011203755688915545, 'max_depth': 7, 'n_estimators': 75}",0.8695652173913043,0.8730769230769231,0.12692307692307692,0.9166666666666666,0.4606837606837607,0.5801127388901584,2.628690800003824,0.3350275362828288
credit-approval,Catboost,9,"{'learning_rate': 0.011203755688915545, 'max_depth': 7, 'n_estimators': 75}",0.8695652173913043,0.8653846153846154,0.1346153846153846,0.875,0.5829059829059828,0.6221122146285278,5.784420099997078,0.23155072467752558
cylinder-bands,Catboost,0,"{'learning_rate': 0.011281708430547991, 'max_depth': 8, 'n_estimators': 100}",0.6538461538461539,0.6284722222222222,0.3715277777777778,0.78125,0.546875,0.7623304693497153,1.0336309999984223,0.6033384617274771
cylinder-bands,Catboost,1,"{'learning_rate': 0.0711033230434345, 'max_depth': 8, 'n_estimators': 225}",0.6923076923076923,0.6923076923076923,0.3076923076923077,0.6470588235294118,0.5369822485207101,0.5427351631033384,1.0430554000195116,0.4803769233358952
cylinder-bands,Catboost,2,"{'learning_rate': 0.01645968746254838, 'max_depth': 8, 'n_estimators': 50}",0.7843137254901961,0.7516129032258064,0.24838709677419357,0.7777777777777778,0.7209677419354839,0.7716982332745976,0.9778450999874622,0.6402372548073603
cylinder-bands,Catboost,3,"{'learning_rate': 0.38676259419605674, 'max_depth': 6, 'n_estimators': 225}",0.7647058823529411,0.6730769230769231,0.3269230769230769,0.8461538461538461,0.8076923076923077,0.8939843596689544,3.310051399981603,0.4893058823083765
cylinder-bands,Catboost,4,"{'learning_rate': 0.03288311720349817, 'max_depth': 7, 'n_estimators': 225}",0.7843137254901961,0.7352941176470589,0.2647058823529412,0.8108108108108109,0.6626297577854672,0.7818037866403649,1.0306661000067834,0.5050470588007467
cylinder-bands,Catboost,5,"{'learning_rate': 0.21865105308488317, 'max_depth': 8, 'n_estimators': 150}",0.803921568627451,0.8001567398119123,0.1998432601880878,0.8275862068965517,0.5438871473354232,0.633000293792667,0.9046944000001531,0.4240686277055419
cylinder-bands,Catboost,6,"{'learning_rate': 0.09421706508431472, 'max_depth': 7, 'n_estimators': 175}",0.6666666666666666,0.6459677419354839,0.3540322580645161,0.71875,0.4903225806451613,0.6366009364310101,2.253757600003155,0.4829960782765685
cylinder-bands,Catboost,7,"{'learning_rate': 0.26572853470696284, 'max_depth': 8, 'n_estimators': 225}",0.8235294117647058,0.8253846153846154,0.17461538461538462,0.7666666666666667,0.7692307692307693,0.7562828678975133,2.8568461000104435,0.5078039214234141
cylinder-bands,Catboost,8,"{'learning_rate': 0.06054214410063856, 'max_depth': 8, 'n_estimators': 100}",0.7058823529411765,0.6921296296296297,0.30787037037037035,0.6578947368421053,0.6111111111111112,0.6907522108099995,0.9905755000072531,0.5141294118491749
cylinder-bands,Catboost,9,"{'learning_rate': 0.011560779635413309, 'max_depth': 8, 'n_estimators': 100}",0.7450980392156863,0.7205882352941176,0.27941176470588236,0.8181818181818182,0.5207612456747405,0.7074623896246258,1.0865970999875572,0.5571294117116314
